,City,Country,Cloudiness,Date,Humidity,Latitude,Longitude,Max Temperature,Wind Speed
0,provideniya,ru,44,1553392092,100,64.42,-173.23,22.08,23.73
1,okha,ru,48,1553392357,86,53.59,142.95,17.4,18.48
2,rikitea,pf,80,1553391749,99,-23.12,-134.97,79.14,18.25
3,vardo,no,1,1553392048,31,39.62,-77.74,46.4,8.05
4,punta arenas,cl,75,1553391787,76,-53.16,-70.91,53.6,9.17
5,banda aceh,id,20,1553392056,69,5.56,95.32,85.26,2.93
6,villa corzo,mx,5,1553388420,61,16.19,-93.27,80.6,18.34
7,north bend,us,20,1553392215,71,43.41,-124.22,53.6,6.93
8,pangyan,ph,20,1553389200,51,5.7,125.28,86,9.17
9,vaini,to,0,1553389200,59,15.34,74.49,66.2,1.7
10,nouadhibou,mr,0,1553389200,82,20.93,-17.03,64.4,11.41
11,airai,pw,32,1553392075,65,-8.93,125.41,83.64,1.81
12,srandakan,id,64,1553392284,98,-7.94,110.25,81.75,4.38
13,kegayli,uz,,,,,,,
14,barentsburg,sj,,,,,,,
15,broome,au,80,1553392353,86,52.47,1.45,43,1.12
16,busselton,au,12,1553391617,38,-33.64,115.35,68,15.79
17,alice springs,au,64,1553389200,33,-23.7,133.88,91.4,12.75
18,bambous virieux,mu,75,1553391839,88,-20.34,57.76,80.6,13.87
19,cherskiy,ru,12,1553392087,66,68.75,161.3,10.2,2.37
20,santa cruz,cr,40,1553391921,62,36.97,-122.03,60.01,9.17
21,ishinomaki,jp,20,1553389200,45,38.42,141.3,44.6,23.04
22,hobart,au,20,1553391735,64,-42.88,147.33,70,10.29
23,lebu,cl,20,1553389200,51,8.96,38.73,59,4.7
24,jamestown,sh,92,1553391980,92,-33.21,138.6,66.9,20.27
25,atuona,pf,92,1553391749,99,-9.8,-139.03,82.65,16.46
26,shirokiy,ru,0,1553392313,86,53.87,39.17,25,2.82
27,bluff,nz,0,1553391733,48,-23.58,149.07,90.66,8.3
28,saskylakh,ru,0,1553392061,43,71.97,114.09,-14.29,3.27
29,cape town,za,0,1553391966,93,-33.93,18.42,70,6.93
30,buala,sb,68,1553392017,81,-8.15,159.59,85.8,6.4
31,sistranda,no,75,1553391864,69,63.73,8.83,37.99,39.15
32,mantua,cu,0,1553392249,61,45.16,10.79,52,3.36
33,chokurdakh,ru,24,1553391739,98,70.62,147.9,-0.34,4.38
34,taltal,cl,0,1553391735,95,-25.41,-70.49,56.64,2.04
35,martil,ma,88,1553391000,77,35.62,-5.28,59,19.46
36,vostok,ru,0,1553392369,41,46.45,135.83,24.06,3.94
37,khonsa,in,20,1553392369,85,26.99,95.51,65.1,2.71
38,charters towers,au,48,1553391969,77,-20.07,146.27,82.92,11.21
39,vaitupu,wf,,,,,,,
40,lolua,tv,,,,,,,
41,hermanus,za,20,1553391903,96,-34.42,19.24,63,1.01
42,east london,za,0,1553392018,91,-33.02,27.91,75.63,21.72
43,mackay,au,90,1553389200,48,53.65,-115.58,44.6,12.75
44,wenling,cn,64,1553392237,72,28.38,121.38,59,3
45,barrow,us,0,1553391738,93,-38.31,-60.23,52.41,5.17
46,zanesville,us,1,1553392203,38,39.94,-82.01,42.01,3.15
47,albany,au,1,1553391723,46,42.65,-73.75,33.01,10.29
48,bilibino,ru,0,1553392371,67,68.06,166.44,14.7,3.04
49,ushuaia,ar,20,1553389200,66,-54.81,-68.31,53.6,18.34
50,hobyo,so,88,1553392371,79,5.35,48.53,81.12,13.56
51,georgetown,sh,20,1553389200,78,6.8,-58.16,80.6,9.17
52,nikolskoye,ru,75,1553391005,86,59.7,30.79,39.2,4.47
53,santa cruz de tenerife,es,56,1553392291,87,28.47,-16.25,61,14.99
54,thompson,ca,5,1553389200,46,55.74,-97.86,10.4,8.05
55,tsumeb,na,36,1553392373,36,-19.25,17.72,75.81,11.54
56,tuatapere,nz,44,1553391606,78,-46.13,167.69,70,3
57,bredasdorp,za,92,1553391001,83,-34.53,20.04,69.8,4.7
58,mangrol,in,0,1553391000,63,25.33,76.51,64.4,4.5
59,cayenne,gf,75,1553389200,83,4.94,-52.33,78.8,8.05
60,slave lake,ca,1,1553389200,32,55.28,-114.77,51.8,9.17
61,saray,az,56,1553392374,71,38.65,44.17,14.52,2.37
62,tartagal,ar,88,1553392197,95,-22.52,-63.8,70.05,3.04
63,ponta do sol,cv,64,1553392013,92,-20.63,-46,67.26,2.93
64,carnarvon,au,8,1553391751,23,-30.97,22.13,64.38,6.4
65,gallup,us,1,1553388780,25,35.53,-108.74,53.6,12.75
66,mataura,pf,76,1553391606,78,-46.19,168.86,70,3
67,saint-sauveur-des-monts,ca,20,1553392261,46,45.9,-74.17,32,11.41
68,pierre,us,90,1553392180,93,44.37,-100.35,39.2,8.19
69,blagoyevo,ru,92,1553392376,79,63.37,47.92,30.72,10.65
70,mar del plata,ar,0,1553392018,100,-46.43,-67.52,45.93,3.15
71,atar,mr,0,1553392377,68,20.52,-13.05,54.66,2.48
72,zhaotong,cn,92,1553392377,80,27.34,103.71,38.55,3.27
73,suzaka,jp,20,1553392323,41,36.61,138.35,48.99,9.17
74,bengkulu,id,,,,,,,
75,soe,id,76,1553392184,92,57.91,26.05,37,13.87
76,kodiak,us,90,1553391988,87,39.95,-94.76,55,10.29
77,butaritari,ki,88,1553391729,100,3.07,172.79,80.85,9.64
78,coquimbo,cl,40,1553389200,87,-29.95,-71.34,57.2,5.82
79,alofi,nu,64,1553389200,58,-19.06,-169.92,84.2,13.87
80,umzimvubu,za,,,,,,,
81,avarua,ck,92,1553389200,94,-21.21,-159.78,78.8,17.22
82,chuy,uy,0,1553392034,92,-33.69,-53.46,64.2,13
83,puerto ayora,ec,24,1553391100,95,-0.74,-90.35,78.01,4
84,fortuna,us,0,1553392042,76,38.18,-1.13,55.4,2.24
85,itarema,br,92,1553392076,94,-2.92,-39.92,75.63,1.59
86,tsihombe,mg,,,,,,,
87,tuktoyaktuk,ca,75,1553389200,78,69.44,-133.03,15.8,24.16
88,taolanaro,mg,,,,,,,
89,dikson,ru,68,1553391821,95,73.51,80.55,17.94,23.51
90,forrest city,us,64,1553392078,58,35.01,-90.79,57.99,9.19
91,hasaki,jp,20,1553391194,37,35.73,140.83,52,6.93
92,yellowknife,ca,20,1553391760,47,62.45,-114.38,12.2,10.29
93,acarau,br,,,,,,,
94,warburg,de,75,1553392113,93,51.49,9.15,44.6,3.36
95,sentyabrskiy,ru,,,,,,,
96,launceston,au,40,1553391996,52,-41.43,147.14,69.8,18.34
97,sibiti,cg,92,1553392382,96,-3.69,13.35,72.03,2.71
98,upernavik,gl,32,1553391990,100,72.79,-56.15,-10.24,11.1
99,okhotsk,ru,68,1553392096,72,59.36,143.24,28.47,5.5
100,angangxi,cn,,,,,,,
101,andenes,no,,,,,,,
102,ribas do rio pardo,br,0,1553392174,72,-20.45,-53.76,70.86,7.74
103,urdzhar,kz,,,,,,,
104,hilo,us,1,1553391956,61,19.71,-155.08,79,11.41
105,angoche,mz,36,1553391999,100,-16.23,39.91,81.12,10.98
106,faanui,pf,32,1553391736,100,-16.48,-151.75,84.81,10.65
107,imbituba,br,20,1553389200,78,-28.24,-48.67,71.6,4.7
108,idlib,sy,0,1553388600,93,35.93,36.64,52,5.82
109,opobo,ng,,,,,,,
110,san quintin,mx,12,1553391808,43,17.54,120.52,84.54,3.83
111,poum,nc,0,1553392076,80,41.28,20.71,28.02,1.7
112,kalanchak,ua,8,1553392386,83,46.26,33.28,34.95,9.42
113,naze,jp,80,1553392386,93,5.43,7.07,74.1,2.71
114,castro,cl,75,1553389200,87,-42.48,-73.76,51.8,5.82
115,tirano,it,0,1553392360,85,46.22,10.17,48,2.24
116,fez,ma,75,1553391000,36,34.03,-5.02,64.4,17.22
117,grindavik,is,75,1553391098,100,63.84,-22.43,33.8,4.7
118,revin,fr,0,1553392379,93,49.94,4.64,46.4,5.82
119,souillac,mu,0,1553391977,71,45.6,-0.6,50,3.36
120,pisco,pe,0,1553389200,73,-13.71,-76.2,71.6,17.22
121,mahebourg,mu,75,1553391539,88,-20.41,57.7,80.6,13.87
122,zhigansk,ru,64,1553392037,65,66.77,123.37,12.72,9.64
123,sitka,us,0,1553391992,66,37.17,-99.65,53.01,1.01
124,tumannyy,ru,,,,,,,
125,pitimbu,br,40,1553389200,83,-7.47,-34.81,80.6,4.7
126,saint anthony,ca,1,1553391805,75,43.97,-111.68,45,8.05
127,arraial do cabo,br,12,1553391974,92,-22.97,-42.02,77.88,9.75
128,new norfolk,au,20,1553391735,64,-42.78,147.06,70,10.29
129,matara,lk,56,1553392390,93,-13.74,-72.9,41.43,1.48
130,karaul,ru,,,,,,,
131,fortuna,br,0,1553392042,76,38.18,-1.13,55.4,2.24
132,kabalo,cd,12,1553392392,100,-6.05,26.92,70.23,3.38
133,turukhansk,ru,80,1553392131,91,65.8,87.96,21.09,6.62
134,sao felix do xingu,br,88,1553391942,100,-6.64,-51.99,71.76,2.15
135,san patricio,mx,0,1553392065,83,-26.98,-56.83,61.86,2.15
136,kavieng,pg,80,1553391972,100,-2.57,150.8,80.76,6.62
137,lerwick,gb,92,1553388600,81,60.15,-1.15,44.6,27.51
138,tura,ru,0,1553392312,71,25.52,90.21,70.86,4.72
139,moree,au,32,1553392000,28,-29.46,149.84,95,13.87
140,bathsheba,bb,40,1553389200,69,13.22,-59.52,78.8,16.11
141,hirara,jp,75,1553389200,59,24.8,125.28,68,12.75
142,hithadhoo,mv,76,1553391736,98,-0.6,73.08,86.25,8.52
143,nokaneng,bw,0,1553392395,45,-19.66,22.19,72.3,13.22
144,saint george,bm,0,1553388600,81,39.45,22.34,42.8,4.7
145,genhe,cn,0,1553392396,59,50.78,121.52,27.66,9.75
146,traverse city,us,1,1553392248,51,44.76,-85.62,39.2,19.04
147,narowal,pk,40,1553389200,93,32.1,74.87,57.2,4.16
148,yeppoon,au,40,1553389200,52,-23.13,150.74,87.8,9.17
149,flinders,au,64,1553391847,54,-34.58,150.85,87.01,1.12
150,smithers,ca,40,1553389200,39,54.78,-127.17,50,3.36
151,hamilton,bm,75,1553391953,63,32.3,-64.78,64.4,20.8
152,tidore,id,,,,,,,
153,verkhnevilyuysk,ru,76,1553392398,64,63.45,120.31,12.9,8.41
154,mys shmidta,ru,,,,,,,
155,nuoro,it,0,1553390400,86,40.32,9.33,57.2,1.12
156,magadan,ru,32,1553392399,96,59.56,150.8,27.66,18.59
157,mount isa,au,90,1553389200,69,-20.73,139.49,80.6,17.22
158,kaitangata,nz,100,1553392003,67,-46.28,169.85,69.42,3.71
159,saint-philippe,re,1,1553391715,78,45.36,-73.48,33.01,16.11
160,kushima,jp,20,1553392387,100,31.5,131.29,51.8,6.93
161,yar-sale,ru,24,1553392401,77,66.83,70.83,11.1,7.63
162,zyryanka,ru,24,1553392401,72,65.73,150.89,12.54,3.15
163,swan river,ca,68,1553392401,73,52.11,-101.27,27.48,12.44
164,waitati,nz,8,1553392226,70,-45.75,170.57,69.01,8.01
165,kapaa,us,75,1553391498,78,22.08,-159.32,78.8,24.16
166,fare,pf,56,1553392402,99,-16.7,-151.02,84.81,10.98
167,manono,cd,92,1553392403,98,-7.3,27.4,70.77,5.17
168,ribeira grande,pt,56,1553391893,100,38.52,-28.7,57.9,24.18
169,dongsheng,cn,92,1553392403,78,29.72,112.52,53.4,2.82
170,eaglesfield,gb,64,1553392248,90,54.64,-3.4,42.01,1.99
171,grand river south east,mu,,,,,,,
172,khatanga,ru,0,1553391964,34,71.98,102.47,-9.88,6.06
173,victoria,sc,75,1553389200,83,5.28,115.24,84.2,2.24
174,bokspits,bw,,,,,,,
175,shenzhen,cn,90,1553392368,87,22.54,114.05,63,11.18
176,fomboni,km,8,1553392405,100,-12.28,43.74,83.82,7.96
177,yorkton,ca,20,1553389200,80,51.21,-102.46,35.6,19.46
178,iskateley,ru,92,1553392405,89,67.68,53.15,30.45,21.83
179,marsabit,ke,0,1553392405,62,2.34,37.99,72.66,9.08
180,pangnirtung,ca,68,1553392031,73,66.15,-65.72,5.16,26.08
181,dunedin,nz,8,1553391828,73,-45.87,170.5,68,7
182,esperance,au,20,1553391608,78,10.24,-61.45,78.01,8.05
183,katha,mm,,,,,,,
184,los llanos de aridane,es,92,1553391301,55,28.66,-17.92,62.6,8.05
185,tautira,pf,20,1553391783,70,-17.73,-149.15,87.8,14.99
186,cumaribo,co,,,,,,,
187,merauke,id,36,1553391977,99,-8.49,140.4,81.39,9.86
188,amderma,ru,,,,,,,
189,lakes entrance,au,36,1553392398,63,-37.88,147.99,78.01,5.01
190,severo-kurilsk,ru,80,1553391983,98,50.68,156.12,28.92,22.06
191,ancud,cl,75,1553389200,87,-41.87,-73.83,51.8,5.82
192,sisimiut,gl,68,1553392408,75,66.94,-53.67,-12.4,1.59
193,belushya guba,ru,,,,,,,
194,hvolsvollur,is,,,,,,,
195,portland,au,90,1553391824,54,45.52,-122.67,57.2,9.17
196,sakakah,sa,,,,,,,
197,sete,fr,0,1553392410,40,27.58,86.44,47.28,1.14
198,strai,no,,,,,,,
199,santa ana,pe,0,1553392242,57,13.99,-89.56,77,6.17
200,vila franca do campo,pt,75,1553392374,76,37.72,-25.43,55,17.22
201,san policarpo,ph,76,1553391990,82,12.18,125.51,81.57,13.44
202,sarab,ir,92,1553392412,86,38.61,44.99,30.72,4.38
203,baie-saint-paul,ca,0,1553392412,56,47.44,-70.51,23.25,8.19
204,jequitinhonha,br,92,1553392412,97,-16.43,-41,70.32,2.48
205,boda,cf,20,1553387400,100,26.2,88.56,66.2,1.12
206,fairbanks,us,75,1553391905,48,64.84,-147.72,51.8,4.7
207,henties bay,na,24,1553389345,86,-22.12,14.28,64,5.01
208,longyearbyen,sj,20,1553388600,66,78.22,15.63,15.8,12.75
209,molchanovo,ru,32,1553392414,84,57.58,83.76,21.9,2.93
210,basco,ph,40,1553392270,57,40.33,-91.2,53.01,6.93
211,moville,ie,90,1553392263,75,42.49,-96.07,48,13.87
212,ilebo,cd,92,1553392415,97,-4.33,20.59,72.12,2.93
213,ushtobe,kz,92,1553392415,86,45.25,77.98,37.56,5.84
214,mitu,co,24,1553392416,75,36.2,46.09,22.62,2.15
215,manggar,id,48,1553392416,99,-2.88,108.27,83.55,5.06
216,ukiah,us,0,1553392231,73,39.15,-123.21,55,5.01
217,hangal,in,0,1553392234,83,14.77,75.13,73.83,3.83
218,nizhnevartovsk,ru,90,1553389200,92,60.93,76.58,26.6,4.47
219,amuntai,id,36,1553392417,80,-2.42,115.25,84.72,2.93
220,alpinopolis,br,44,1553392417,100,-20.86,-46.39,66,4.05
221,bousso,td,,,,,,,
222,beringovskiy,ru,92,1553391975,88,63.05,179.32,16.77,19.6
223,nizhneyansk,ru,,,,,,,
224,nago,jp,0,1553392390,61,45.88,10.89,52,3.36
225,rocha,uy,0,1553392376,71,-34.48,-54.34,61.32,8.19
226,sao filipe,cv,68,1553392121,100,14.9,-24.5,69.15,11.65
227,luderitz,na,48,1553392097,93,-26.65,15.16,57.63,9.75
228,chamalieres,fr,0,1553392082,68,45.78,3.06,37.4,1.14
229,batagay-alyta,ru,56,1553392420,77,67.8,130.41,4.89,4.16
230,nuevo progreso,mx,40,1553392409,78,26.05,-97.95,73.99,8.05
231,illoqqortoormiut,gl,,,,,,,
232,lagoa,pt,0,1553391730,72,37.14,-8.45,59,11.41
233,labuhan,id,64,1553392421,83,-2.54,115.51,82.29,3.04
234,asau,tv,,,,,,,
235,saint-louis,sn,0,1553392380,86,47.59,7.56,45,4.7
236,beloha,mg,8,1553392422,83,-25.17,45.06,74.1,14.67
237,nouakchott,mr,0,1553389200,88,18.08,-15.98,64.4,10.29
238,rungata,ki,,,,,,,
239,wulanhaote,cn,,,,,,,
240,katsuura,jp,40,1553392117,46,33.93,134.5,50,8.05
241,tyumentsevo,ru,88,1553392423,91,53.32,81.5,27.48,5.95
242,bantou,cn,92,1553392424,99,26.22,117.49,49.62,2.71
243,kungurtug,ru,0,1553392424,58,50.6,97.53,28.65,3.83
244,vila velha,br,75,1553392140,88,-3.71,-38.6,79,5.82
245,nizwa,om,56,1553392425,77,22.93,57.53,64.65,4.38
246,changuinola,pa,68,1553392381,76,9.44,-82.52,75.99,1.01
247,attawapiskat,ca,,,,,,,
248,torbay,ca,90,1553391511,100,47.66,-52.73,37.99,14.99
249,grimshaw,ca,75,1553391979,43,56.19,-117.61,50,6.93
250,wahran,dz,,,,,,,
251,deputatskiy,ru,0,1553392427,68,69.3,139.9,8.22,4.05
252,tasiilaq,gl,0,1553388600,47,65.61,-37.64,12.2,3.36
253,nyurba,ru,68,1553392428,59,63.29,118.35,14.52,7.63
254,gillette,us,90,1553392157,70,44.29,-105.5,48.2,5.82
255,benidorm,es,0,1553392314,87,38.54,-0.13,53.01,4.7
256,pevek,ru,0,1553392011,76,69.7,170.27,-3.58,3.6
257,lompoc,us,75,1553392047,71,34.64,-120.46,62.01,19.46
258,peniche,pt,0,1553392382,51,39.36,-9.38,60.8,12.75
259,feijo,br,75,1553389200,94,-3.63,-79.92,89.6,3.36
260,tacuati,py,12,1553392431,89,-23.46,-56.74,72.66,2.15
261,thai binh,vn,90,1553389200,82,20.45,106.33,64.4,8.05
262,rawson,ar,0,1553392370,67,-43.3,-65.11,55.47,15.79
263,vancouver,ca,40,1553392116,58,45.63,-122.67,55.99,5.82
264,nguiu,au,,,,,,,
265,sharjah,ae,0,1553392153,53,25.36,55.39,77,12.75
266,lehigh acres,us,90,1553392430,72,26.63,-81.62,66.99,11.99
267,college,us,75,1553392249,48,64.86,-147.8,51.8,4.7
268,egvekinot,ru,80,1553391949,74,66.32,-179.17,4.44,4.5
269,klaksvik,fo,88,1553390400,86,62.23,-6.59,39.2,12.75
270,milverton,ca,90,1553392394,65,51.02,-3.26,48,8.05
271,monteagudo,bo,92,1553392434,99,-19.8,-63.96,58.89,2.59
272,gat,ly,0,1553391000,82,14.69,-16.54,64.4,14.99
273,qaanaaq,gl,12,1553391968,81,77.48,-69.36,-26.89,10.76
274,touros,br,40,1553389200,94,-5.2,-35.46,78.8,6.93
275,poya,nc,24,1553391978,97,-21.35,165.16,81.12,6.62
276,muli,mv,0,1553392435,38,22.62,71.45,76.08,8.63
277,edinburg,us,40,1553392166,78,26.3,-98.16,75.2,8.05
278,kyra,ru,,,,,,,
279,sorland,no,44,1553392098,100,67.67,12.69,39.54,36.82
280,sampit,id,32,1553391995,91,-2.54,112.95,85.08,4.94
281,griffith,au,40,1553391617,57,-34.29,146.06,80.6,10.29
282,erattupetta,in,75,1553389200,94,9.69,76.78,78.8,2.24
283,port pirie,au,92,1553389200,78,-33.18,138.01,73.4,9.17
284,oistins,bb,40,1553389200,69,13.07,-59.53,78.8,16.11
285,coahuayana,mx,0,1553392437,57,18.62,-100.35,62.76,2.04
286,port-gentil,ga,88,1553392438,100,-0.72,8.78,76.89,0.69
287,rogongon,ph,0,1553391901,78,8.23,124.33,80.01,5.99
288,xingyi,cn,32,1553392439,63,24.19,102.82,66.27,6.4
289,ottawa,us,20,1553392080,39,45.42,-75.69,32,5.82
290,aranda de duero,es,0,1553392439,77,41.67,-3.69,32.43,2.93
291,lorengau,pg,68,1553392068,97,-2.02,147.27,83.37,10.09
292,marjamaa,ee,0,1553392203,84,58.9,24.43,39,20.8
293,piacabucu,br,32,1553392440,96,-10.41,-36.43,75.18,5.73
294,atherton,au,48,1553392407,86,53.52,-2.49,44.6,1.12
295,aguimes,es,20,1553391932,67,27.91,-15.45,62.6,14.99
296,vila,vu,0,1553392425,87,45.18,8.4,55,6.93
297,yumen,cn,0,1553392145,43,40.29,97.04,41.88,0.58
298,nizhnetroitskiy,ru,48,1553392442,78,54.34,53.68,22.26,4.72
299,asfi,ma,,,,,,,
300,port elizabeth,za,1,1553391963,30,39.31,-74.98,46.4,9.17
301,artyk,ru,,,,,,,
302,srednekolymsk,ru,12,1553391739,70,67.46,153.71,19.74,3.15
303,qena,eg,88,1553389200,24,26.16,32.72,78.8,4.7
304,goure,ne,0,1553392443,17,13.98,10.27,81.12,15.01
305,ngukurr,au,,,,,,,
306,ust-kuyga,ru,12,1553392444,70,70,135.55,6.33,4.05
307,matagami,ca,44,1553392444,81,9.67,8.4,68.16,3.49
308,san felipe,mx,0,1553392429,41,-32.75,-70.73,69.01,2.15
309,port alfred,za,68,1553391555,96,-33.59,26.89,64.99,12.1
310,natchez,us,1,1553392206,62,31.56,-91.4,66.2,3.36
311,vanavara,ru,0,1553391967,56,60.35,102.28,11.1,3.71
312,mahajanga,mg,40,1553389200,94,-15.72,46.32,77,4.7
313,bandiagara,ml,32,1553392447,54,14.35,-3.61,74.73,3.6
314,yenagoa,ng,44,1553392447,93,4.92,6.26,75.99,5.95
315,masumbwe,tz,76,1553392447,96,-3.65,32.16,62.76,5.61
316,san cristobal,ec,20,1553391920,93,-0.39,-78.55,55.4,1.12
317,ayan,ru,0,1553392448,75,40.67,33.6,16.32,2.93
318,gigmoto,ph,0,1553392448,89,13.78,124.39,81.75,12.77
319,port hardy,ca,75,1553389200,62,50.7,-127.42,51.8,8.05
320,tokoroa,nz,88,1553392404,59,-38.22,175.87,73.99,1.01
321,colombo,lk,20,1553389800,83,6.93,79.85,77,4.7
322,denpasar,id,40,1553389200,83,-8.65,115.22,84.2,12.75
323,senanga,zm,0,1553392016,56,-16.1,23.3,69.78,8.08
324,ixtapa,mx,5,1553391924,78,20.71,-105.21,77,9.17
325,petropavlovsk-kamchatskiy,ru,75,1553389200,72,53.05,158.65,32,6.71
326,casselman,ca,5,1553392315,58,45.31,-75.09,30.2,4.7
327,taoudenni,ml,68,1553392098,19,22.68,-3.98,69.87,7.85
328,butembo,cd,0,1553392451,89,0.12,29.29,58.8,1.14
329,santa maria,us,0,1553389200,100,-29.69,-53.81,60.8,3.27
330,qiqihar,cn,0,1553392452,45,47.35,123.91,44.22,13.33
331,pakokku,mm,0,1553392453,57,21.33,95.09,83.37,8.63
332,norman wells,ca,75,1553389200,64,65.28,-126.83,33.8,16.11
333,plettenberg bay,za,68,1553392121,97,-34.05,23.37,68.16,7.52
334,tiksi,ru,48,1553392132,78,71.64,128.87,6.6,7.18
335,cabo san lucas,mx,5,1553391606,73,22.89,-109.91,72,3.36
336,cam ranh,vn,40,1553389200,79,11.92,109.15,86,12.75
337,codrington,ag,0,1553391959,55,-28.95,153.24,91,10.29
338,kamenka,ru,44,1553390468,75,53.19,44.05,35.01,6.85
339,asosa,et,0,1553392029,40,10.07,34.53,67.71,3.38
340,iqaluit,ca,90,1553391762,77,63.75,-68.52,8.01,29.97
341,grand-lahou,ci,0,1553392455,90,5.24,-5,77.88,4.61
342,aksu,cn,90,1553389200,100,52.04,76.93,28.4,6.71
343,sabzevar,ir,12,1553392455,76,36.21,57.68,32.52,2.71
344,palmer,us,0,1553392287,57,-34.85,139.16,80.01,11.41
345,samusu,ws,,,,,,,
346,voh,nc,56,1553392456,87,-20.95,164.69,83.55,9.42
347,belaya gora,ru,24,1553392005,95,68.54,146.19,0.12,4.16
348,sumenep,id,88,1553392187,94,-7.02,113.87,85.08,12.77
349,emerald,au,0,1553391995,52,-23.53,148.16,87.8,9.17
350,puerto escondido,mx,20,1553388060,74,15.86,-97.07,82.4,9.64
351,atambua,id,44,1553392458,100,-9.11,124.89,81.66,4.72
352,antalaha,mg,0,1553392458,94,-14.9,50.28,76.53,10.09
353,uppsala,se,0,1553391964,59,59.86,17.64,39.2,13.87
354,eskilstuna,se,0,1553392450,51,59.37,16.51,39.99,12.75
355,dublin,us,75,1553391536,75,53.35,-6.26,42.01,4.7
356,sioux lookout,ca,40,1553389200,56,50.1,-91.92,44.6,4.7
357,clyde river,ca,90,1553389200,75,70.47,-68.59,-14.81,18.34
358,padang,id,40,1553389200,88,-0.92,100.36,78.8,3.36
359,pimentel,pe,88,1553392460,95,-3.7,-45.5,75,2.93
360,nicoya,cr,0,1553391989,54,10.15,-85.45,82.4,17.22
361,kayerkan,ru,76,1553392461,94,69.35,87.76,11.55,8.97
362,tadine,nc,68,1553392462,87,-21.55,167.88,82.29,16.91
363,kamina,cd,92,1553392462,97,-8.74,25,66.9,7.74
364,makakilo city,us,75,1553392360,54,21.35,-158.09,82.4,5.82
365,korla,cn,,,,,,,
366,bluefield,us,1,1553392392,48,37.27,-81.22,44.6,2.15
367,heihe,cn,20,1553389200,57,50.24,127.51,21.2,4.47
368,hami,cn,0,1553392464,47,42.84,93.51,49.8,8.08
369,tsabong,bw,12,1553392464,36,-26.02,22.4,76.53,17.36
370,cabedelo,br,40,1553389200,83,-6.97,-34.84,80.6,4.7
371,ulverstone,au,92,1553392325,80,-41.16,146.17,66.99,7
372,arlit,ne,56,1553392465,31,18.74,7.39,67.53,4.27
373,batemans bay,au,92,1553391932,65,-35.71,150.18,75,5.01
374,charyshskoye,ru,12,1553392466,62,51.4,83.56,33.96,4.61
375,sambava,mg,8,1553392064,100,-14.27,50.17,80.4,12.66
376,preston,us,0,1553392456,81,53.76,-2.71,44.6,4.7
377,bethel,us,40,1553388960,65,60.79,-161.76,44.6,18.34
378,alappuzha,in,,,,,,,
379,cowra,au,100,1553391080,44,-33.84,148.69,80.01,4
380,palauig,ph,0,1553392468,65,15.44,119.9,84.9,3.6
381,mubi,ng,92,1553392468,39,10.27,13.26,80.13,3.04
382,montes altos,br,88,1553392468,91,-5.83,-47.07,73.56,2.93
383,great malvern,gb,0,1553392444,70,52.11,-2.33,45,2.24
384,port-cartier,ca,90,1553392397,63,50.03,-66.88,28.99,6.93
385,akyab,mm,,,,,,,
386,aklavik,ca,20,1553389200,62,68.22,-135.01,23,12.75
387,jatai,br,0,1553392470,49,28.97,76.18,72.48,4.61
388,cockburn town,bs,12,1553392117,96,21.46,-71.14,79.32,14.23
389,salinopolis,br,80,1553392470,100,-0.61,-47.36,79.68,11.54
390,kavarna,bg,0,1553391000,100,43.43,28.33,32,1.12
391,marsa matruh,eg,40,1553389200,87,31.35,27.25,60.8,13.87
392,dao,ph,32,1553392471,58,11.39,122.69,82.56,8.75
393,san bernardo,co,0,1553392447,37,-33.59,-70.7,77,6.93
394,mana,gf,0,1553391000,86,43.52,20.24,39.2,1.12
395,palabuhanratu,id,,,,,,,
396,olafsvik,is,,,,,,,
397,comodoro rivadavia,ar,0,1553389200,76,-45.87,-67.48,57.2,1.12
398,meyungs,pw,,,,,,,
399,dmitriyevka,ru,88,1553392474,100,43.08,41,30.18,1.59
400,kerteh,my,,,,,,,
401,pullman,us,1,1553392356,66,46.73,-117.17,55,4.7
402,tabiauea,ki,,,,,,,
403,saldanha,za,0,1553392475,90,41.42,-6.55,36.21,3.04
404,sokoto,ng,36,1553392475,25,13.06,5.24,75.36,8.97
405,malwan,in,,,,,,,
406,wanning,cn,0,1553391917,86,48.64,13.53,45,2.24
407,sao joao da barra,br,32,1553392476,97,-21.64,-41.05,80.67,10.87
408,rawannawi,ki,,,,,,,
409,san luis,ar,0,1553392476,47,-33.3,-66.34,67.35,8.63
410,lavrentiya,ru,92,1553392120,100,65.58,-170.99,19.74,18.92
411,salvador,br,40,1553389200,79,-12.98,-38.48,84.2,4.7
412,keita,ne,20,1553389200,88,7.1,3.65,82.4,3.36
413,pervomayskiy,ru,76,1553392478,89,53.24,40.29,27.93,3.38
414,anchorage,us,90,1553392385,65,61.22,-149.89,48.2,5.17
415,russell,nz,0,1553389200,49,-33.01,-68.8,73.4,3.36
416,colares,pt,0,1553392023,45,38.8,-9.45,62.6,10.29
417,seoul,kr,0,1553389200,38,37.57,126.98,44.6,5.82
418,ust-ilimsk,ru,8,1553392067,49,57.96,102.73,20.55,3.6
419,borovichi,ru,92,1553392480,91,58.39,33.91,35.04,13.44
420,florianopolis,br,20,1553391965,78,-27.6,-48.55,71.6,4.7
421,nemuro,jp,75,1553389200,68,43.32,145.57,26.6,9.17
422,ritchie,za,76,1553389200,77,-29.03,24.6,66.2,8.05
423,pingdu,cn,0,1553392473,46,36.79,119.95,66,15.66
424,fort nelson,ca,75,1553389200,52,58.81,-122.69,42.8,5.82
425,spoleto,it,0,1553392457,20,42.74,12.74,50,12.75
426,namibe,ao,88,1553392123,100,-15.19,12.15,78.06,1.36
427,jiayuguan,cn,0,1553392482,69,39.77,98.29,31.26,3.71
428,zhaoyang,cn,32,1553392483,68,42.68,126.03,43.86,20.83
429,campbell river,ca,40,1553391990,50,50.02,-125.24,53.6,3.36
430,puerto rondon,co,64,1553392483,78,6.28,-71.1,75.72,3.15
431,hofn,is,0,1553392135,100,64.25,-15.21,38.46,20.49
432,margate,za,20,1553391440,64,-43.03,147.26,68,10.29
433,ammon,us,90,1553392408,75,43.47,-111.97,44.6,2.15
434,porto novo,cv,75,1553389200,88,-23.68,-45.44,69.8,4.7
435,kismayo,so,,,,,,,
436,papar,my,75,1553392216,79,5.73,115.93,86,1.12
437,ternovka,ru,92,1553392485,94,51.69,41.59,31.35,4.16
438,port lincoln,au,80,1553392127,86,-34.72,135.86,68.79,22.39
439,plouzane,fr,0,1553392387,87,48.38,-4.62,48.99,5.82
440,udachnyy,ru,36,1553392486,54,66.42,112.4,-1.33,3.49
441,husavik,is,12,1553392254,74,50.56,-96.99,37.99,10
442,piojo,co,,,,,,,
443,mamakan,ru,48,1553392487,39,57.82,114.02,8.67,5.39
444,narsaq,gl,76,1553388600,36,60.91,-46.05,15.8,4.7
445,kansanshi,zm,68,1553392489,87,-12.1,26.43,64.83,4.16
446,abnub,eg,0,1553392012,44,27.27,31.15,62.49,10.98
447,buraydah,sa,0,1553389200,51,26.33,43.97,60.8,2.24
448,waspan,ni,,,,,,,
449,kachug,ru,48,1553392491,69,53.96,105.89,25.41,6.85
450,shimoda,jp,20,1553391772,40,34.7,138.93,51.8,4.7
451,huarmey,pe,44,1553392137,82,-10.07,-78.15,66.36,2.93
452,bogorodskoye,ru,0,1553392492,48,52.37,140.44,23.07,6.62
453,victor harbor,au,0,1553392403,57,-35.55,138.62,80.01,11.41
454,sinnamary,gf,100,1553392090,99,5.38,-52.96,78.78,11.54
455,niquero,cu,0,1553392493,100,20.04,-77.58,76.98,9.42
456,bababe,mr,,,,,,,
457,geraldton,au,20,1553389200,26,49.72,-86.95,44.6,6.93
458,luganville,vu,92,1553392018,100,-15.51,167.18,75.09,3.71
459,evensk,ru,0,1553391970,89,61.92,159.24,30.36,15.23
460,halalo,wf,,,,,,,
461,lagos,ng,20,1553389200,88,6.46,3.39,82.4,3.36
462,mergui,mm,,,,,,,
463,santander jimenez,mx,12,1553392494,71,24.22,-98.47,72.75,10.65
464,ulaanbaatar,mn,0,1553391000,35,47.92,106.92,26.6,2.24
465,viransehir,tr,92,1553392495,97,37.24,39.76,47.82,7.52
466,sadri,in,0,1553392495,26,25.19,73.45,77.79,6.96
467,sangar,ru,36,1553392495,60,63.92,127.47,14.25,3.04
468,myitkyina,mm,0,1553392272,85,25.38,97.4,68.16,2.93
469,tra vinh,vn,92,1553392497,74,9.93,106.35,85.17,11.1
470,rafraf,tn,20,1553389200,93,37.19,10.18,51.8,4.7
471,zainsk,ru,40,1553389200,88,55.29,52.01,32,2.24
472,pareora,nz,0,1553391900,85,-44.49,171.21,69.01,5.01
473,ilulissat,gl,68,1553388600,54,69.22,-51.1,1.4,20.8
474,quatre cocos,mu,75,1553391839,88,-20.21,57.76,80.6,13.87
475,karratha,au,100,1553391828,70,-20.74,116.85,81.03,39.5
476,raga,sd,,,,,,,
477,changli,cn,92,1553392499,100,30.54,105.42,50.07,4.61
478,elyakhin,il,88,1553392387,82,32.41,34.92,59,9.17
479,teya,ru,40,1553392033,57,21.05,-89.07,77,17.22
480,aitape,pg,12,1553392500,83,-3.15,142.36,85.35,5.06
481,batangafo,cf,88,1553392500,43,7.3,18.29,86.79,13.44
482,khasan,ru,8,1553392500,65,42.43,130.64,39.99,11.99
483,kerrobert,ca,40,1553391902,75,51.92,-109.14,42.8,21.92
484,north battleford,ca,1,1553392132,86,52.78,-108.3,39.2,8.05
485,yate,nc,40,1553392447,75,51.54,-2.41,46.4,8.05
486,tashara,ru,92,1553392502,93,55.52,83.51,29.37,4.16
487,xian,cn,0,1553392489,53,42.76,-8.49,55.99,2.24
488,bentiu,sd,,,,,,,
489,marcona,pe,,,,,,,
490,sucua,ec,64,1553392503,88,-2.46,-78.17,63.75,4.16
491,la ronge,ca,40,1553389200,62,55.1,-105.3,23,10.29
492,la asuncion,ve,76,1553392504,100,-1.64,-78.74,45.12,1.59
493,key west,us,1,1553392397,85,47.93,-96.78,37.4,9.17
494,ambon,id,0,1553392108,87,47.55,-2.56,50,8.05
495,gore,et,80,1553392504,78,8.15,35.53,64.83,2.59
496,collie,au,0,1553392217,37,-33.36,116.15,66.99,12.66
497,port hedland,au,75,1553389200,83,-20.31,118.58,80.6,43.62
498,port shepstone,za,76,1553392505,89,-30.74,30.45,75.18,23.96
499,kawalu,id,24,1553392506,76,-7.38,108.21,79.14,2.37
500,pskov,ru,48,1553389200,93,57.82,28.33,37.4,8.95
501,nampula,mz,75,1553389200,94,-15.12,39.26,75.2,3.36
502,prince rupert,ca,75,1553389200,54,54.32,-130.32,53.6,6.93
503,roebourne,au,100,1553392507,70,-20.77,117.15,81.03,39.5
504,tiznit,ma,92,1553392507,100,29.7,-9.73,59.7,6.06
505,scarborough,tt,64,1553392502,80,54.28,-0.41,44.01,1.12
506,maraa,br,68,1553392508,91,-1.83,-65.37,79.23,2.37
507,batticaloa,lk,0,1553392508,98,7.71,81.69,81.75,3.71
508,karatau,kz,48,1553392509,78,43.18,70.46,45.12,12.55
509,broken hill,au,75,1553389200,83,-31.97,141.45,69.8,10.29
510,tatarbunary,ua,0,1553392509,68,45.84,29.62,34.32,8.19
511,yhu,py,32,1553392510,87,-25.05,-55.92,67.98,4.27
512,meulaboh,id,88,1553391936,100,4.14,96.13,78.42,4.38
513,praia,cv,75,1553389200,73,-20.25,-43.81,71.6,8.05
514,leiyang,cn,100,1553392511,100,26.42,112.85,50.61,6.62
515,northam,au,92,1553392024,70,51.04,-4.21,46.99,5.82
516,beauvais,fr,90,1553392210,87,49.44,2.09,48.99,8.05
517,havre-saint-pierre,ca,90,1553389200,73,50.23,-63.6,26.6,10.29
518,palembang,id,20,1553389200,94,-2.99,104.76,77,3.36
519,virginia beach,us,1,1553392283,48,36.85,-75.98,51.8,5.5
520,jalu,ly,0,1553392514,82,29.03,21.55,56.73,9.64
521,dali,cn,0,1553392107,66,25.6,100.24,57.63,6.17
522,hay river,ca,75,1553389200,79,60.82,-115.79,19.4,11.41
523,hualmay,pe,20,1553392013,89,-11.1,-77.61,67.17,4.61
524,tocopilla,cl,12,1553392515,100,-22.09,-70.2,59.88,0.69
525,kutum,sd,0,1553392515,48,14.2,24.66,60.51,2.93
526,maneadero,mx,,,,,,,
527,la grande,us,90,1553392512,93,45.32,-118.09,52,3.15
528,victor rosales,mx,,,,,,,
529,bull savanna,jm,0,1553392516,82,17.89,-77.59,68.97,4.38
530,guerrero negro,mx,0,1553391716,88,27.97,-114.04,58.26,8.75
531,morant bay,jm,20,1553389200,65,17.88,-76.41,80.6,6.93
532,isoka,zm,32,1553392517,92,-10.15,32.64,60.6,3.71
533,karmaskaly,ru,75,1553389200,86,54.37,56.17,33.8,8.95
534,verkhnyaya inta,ru,92,1553392517,72,65.99,60.32,28.38,8.19
535,itoman,jp,75,1553392388,55,26.12,127.67,69.01,12.75
536,miri,my,64,1553392519,57,10.31,9.75,72.66,3.15
537,kabompo,zm,48,1553392519,67,-13.6,24.21,66.45,6.73
538,champerico,gt,5,1553388420,61,16.38,-93.6,80.6,18.34
539,jinchang,cn,0,1553392519,82,38.52,102.19,32.34,4.05
540,fallon,us,1,1553388960,66,46.84,-105.12,51.8,3.36
541,alyangula,au,40,1553389200,70,-13.85,136.42,87.8,11.41
542,izumo,jp,75,1553389200,61,35.37,132.75,46.4,5.82
543,leningradskiy,ru,76,1553391800,83,69.38,178.42,-2.23,19.82
544,carauari,br,68,1553392393,97,-4.88,-66.9,75.72,1.36
545,buariki,ki,,,,,,,
546,ravar,ir,0,1553392522,76,31.27,56.81,35.76,1.48
547,buchanan,lr,20,1553389200,94,5.88,-10.05,77,3.36
548,rio grande,br,0,1553391786,97,-32.03,-52.1,66.27,9.98
549,samarai,pg,92,1553391852,100,-10.62,150.67,79.59,8.97
550,ilhabela,br,0,1553392523,100,-23.78,-45.36,78.15,12.1
551,amstetten,at,0,1553392510,86,48.12,14.88,48,1.12
552,natal,br,40,1553389200,83,-5.81,-35.21,80.6,4.7
553,filadelfia,py,24,1553392524,87,-22.35,-60.04,73.2,2.59
554,chagda,ru,,,,,,,
555,tual,id,0,1553391967,100,-5.67,132.75,82.38,9.08
556,praia da vitoria,pt,20,1553391911,71,38.73,-27.07,55.4,27.54
557,basyanovskiy,ru,,,,,,,
558,waingapu,id,64,1553392525,80,-9.65,120.26,83.19,10.98
559,shelburne,ca,5,1553392081,72,44.08,-80.2,33.01,13.87
560,port macquarie,au,20,1553392505,46,-31.43,152.91,91,2.24
561,nuuk,gl,24,1553388600,55,64.17,-51.74,10.4,23.04
562,bubaque,gw,32,1553392028,100,11.28,-15.83,76.35,14.12
563,acari,pe,88,1553392526,97,-6.44,-36.64,70.68,2.93
564,sorong,id,48,1553392078,100,-0.86,131.25,81.03,4.38
565,richards bay,za,8,1553392527,95,-28.77,32.06,69.6,9.75
566,batsfjord,no,8,1553392145,100,70.63,29.72,34.05,16.24
567,port dickson,my,75,1553391000,83,2.52,101.79,84,3.36
568,kathu,za,0,1553391063,52,-27.7,23.05,75,1.99
569,qasigiannguit,gl,68,1553388600,54,68.82,-51.19,1.4,20.8
570,sanandaj,ir,75,1553389200,80,35.31,47,41,4.7
571,kahului,us,40,1553391745,54,20.89,-156.47,82.4,24.16
572,juneau,us,75,1553388960,66,58.3,-134.42,51.8,17.22
573,laguna,br,5,1553388000,40,27.52,-110.01,73.4,6.93
574,turbat,pk,68,1553392529,61,26,63.05,68.61,2.37
575,woodward,us,1,1553391940,50,36.43,-99.39,59,6.93
576,luz,pt,80,1553392530,77,-19.79,-45.68,71.13,5.28
577,grand gaube,mu,75,1553392439,88,-20.01,57.66,80.6,13.87
578,san antonio,cl,0,1553389200,82,-33.58,-71.61,57.2,2.48
579,dolores,ar,100,1553392432,95,-36.31,-57.68,61.5,13.11
580,adre,td,0,1553392274,55,13.47,22.2,66.18,2.93
581,tabuk,sa,92,1553392135,73,17.41,121.44,68.88,2.15
582,golfito,cr,0,1553392533,86,8.64,-83.17,82.65,5.95
583,sumbawa,id,,,,,,,
584,lermontovka,ru,36,1553392535,51,47.15,134.34,30,7.4
585,cuiluan,cn,68,1553392535,45,47.72,128.65,34.41,6.62
586,apt,fr,0,1553392506,45,43.88,5.4,55,1.12
587,shingu,jp,40,1553389200,53,33.72,135.99,50,12.75
588,visnes,no,44,1553392504,86,59.36,5.22,42.01,14.99
589,aswan,eg,0,1553389200,16,24.09,32.9,78.8,11.41
590,cidreira,br,0,1553391730,93,-30.17,-50.22,62.13,6.17
591,borujan,ir,,,,,,,
592,lac du bonnet,ca,20,1553391654,72,50.25,-96.06,39.99,15.99
593,fenoarivo,mg,40,1553391000,100,-18.93,47.44,62.6,2.24
594,honiara,sb,64,1553392537,87,-9.43,159.96,80.4,2.71
595,svetlyy,ru,,,,,,,
596,siverek,tr,75,1553390400,93,37.75,39.32,46,6.93
597,nishihara,jp,20,1553392054,27,35.74,139.53,55.99,8.05
598,lodwar,ke,0,1553392538,56,3.12,35.6,73.2,6.4
599,mmabatho,za,0,1553389200,52,-25.85,25.61,69.8,12.75
